time,distance,speed,throttle,brake,rpm,gear,drs,x,y,z
0.0,0.3254683330146608,231.45249792,100.0,0,11197.29509376,5,0,5545.234896936163,-1363.5863193019186,7255.999999999996
0.209,14.340277663183933,238.24500416,100.0,0,10891.10981248,5,0,5434.0,-1382.0,7256.0
0.263,18.02805555555556,240.0,100.0,0,10812.0,6,0,5399.979626121691,-1387.7322848687454,7256.000000000002
0.389,26.73946165445986,243.72273105454545,100.0,0,10936.281944436363,6,0,5315.0,-1402.0,7256.0
0.609,42.25904767258998,250.22273105454545,100.0,0,11153.281944436363,6,0,5167.0,-1426.0,7256.0
0.703,48.95027777777778,253.0,100.0,0,11246.0,6,0,5108.7172009216565,-1435.724831940661,7255.999999999987
0.869,60.83783200305257,255.90500224,100.0,0,11059.249856,6,0,4987.0,-1456.0,7256.0
1.089,76.81015282105892,259.75500224,100.0,0,10811.749856,6,0,4743.0,-1495.0,7256.0
1.103,77.83916666666667,260.0,100.0,0,10796.0,6,0,4730.300654133297,-1497.0301546304177,7255.999999999956
1.343,95.70583333333335,268.0,100.0,0,10322.0,6,0,4603.538629937218,-1517.6051847729584,7255.99999999828
1.509,108.27875876096316,272.1500032,100.0,0,10528.67015936,6,0,4522.0,-1531.0,7256.0
1.543,110.8725,273.0,100.0,0,10571.0,7,0,4499.376201971188,-1534.691302830427,7256.000000000913
1.689,122.0802732834693,275.92000256,100.0,0,10747.66015488,7,0,4387.0,-1553.0,7256.0
1.743,126.2613888888889,277.0,100.0,0,10813.0,7,0,4345.151248130083,-1559.8426171523165,7255.999999992219
1.929,140.8282835219023,280.61666915555554,100.0,0,10919.433406577778,7,0,4203.0,-1583.0,7256.0
2.103,154.6613888888889,284.0,100.0,0,11019.0,7,0,4068.9792494886906,-1604.243857230719,7256.000000123942
2.149,158.34779789087122,284.7666688,100.0,0,11044.9709056,7,0,4033.0,-1610.0,7256.0
2.329,172.8908897143112,287.7666688,100.0,0,11146.5959056,7,0,3891.0,-1633.0,7256.0
2.409,179.40441283366528,289.1000021333333,100.0,0,11191.762572266667,7,0,3828.0,-1643.0,7256.0
2.583,193.59472222222223,292.0,100.0,0,11290.0,7,0,3647.976745750046,-1672.1936590787964,7255.9999399758235
2.75,207.24301677379452,293.25250048,100.0,0,11356.38252544,7,0,3477.0,-1700.0,7256.0
2.983,226.3725,295.0,100.0,0,11449.0,7,0,3336.523888389029,-1721.972406242817,7256.000529225269
3.13,238.52448608022232,296.8375008,100.0,0,11501.062522666667,7,0,3249.0,-1735.0,7256.0
3.223,246.23916666666665,298.0,100.0,0,11534.0,7,0,3177.6534251709613,-1745.5404248226537,7255.998998679073
3.39,260.1433078460656,299.67000064,100.0,0,11631.69503744,7,0,3036.0,-1766.0,7256.0
3.423,262.9058333333333,300.0,100.0,0,11651.0,7,0,3009.85398759067,-1769.6217481575222,7256.00153482669
3.549,273.5103094711004,301.34519740246486,100.0,0,11585.085327279221,7,0,2904.0,-1784.0,7256.0
3.704,286.5566666666667,303.0,100.0,0,11504.0,7,0,2709.2782711784253,-1811.0378561255543,7255.937837931614
3.809,295.3040036371521,301.49999725714287,100.0,0,11438.37488,7,0,2588.0,-1828.0,7256.0
3.984,309.8122222222222,299.0,100.0,0,11329.0,7,0,2477.193052283893,-1843.5598253622447,7256.48364897234
4.169,325.1702859207306,297.45833173333335,100.0,0,11219.541553066667,7,0,2391.0,-1855.0,7257.0
4.224,329.6122222222222,297.0,100.0,0,11187.0,7,0,2352.036102542701,-1859.9719097242173,7257.047622053851
4.409,343.90610764727626,283.1249856,89.72221155555556,0,11388.444653511111,7,0,2197.0,-1881.0,7257.0
4.449,346.87183536249586,280.1249856,87.49998933333333,0,11432.000209066666,7,0,2166.0,-1886.0,7257.0
4.584,356.61222222222216,270.0,80.0,1,11579.0,7,0,2063.9381715209006,-1900.4917838098406,7257.000712833922
4.709,365.26068693421365,254.83261674775116,38.158942752417005,1,11066.44704871711,7,0,1974.0,-1912.0,7257.0
4.823,372.6119444444444,241.0,0.0,1,10599.0,7,0,1897.1274956981874,-1922.1943209240544,7256.9998502313265
5.029,384.2901507821195,208.38331306666666,0.0,1,9526.941000533334,7,0,1770.0,-1940.0,7257.0
5.063,386.1452777777777,203.0,0.0,1,9350.0,7,0,1750.353197762764,-1942.8830540520264,7256.99993349302
5.209,394.00111285006267,193.874992,0.0,1,9605.500224,7,0,1670.0,-1955.0,7257.0
5.223,394.7230555555555,193.0,0.0,1,9630.0,7,0,1662.5972684045082,-1956.1257629890824,7257.000141325789
5.383,402.5008333333333,175.0,0.0,1,9928.0,7,0,1581.5733762690509,-1968.8151353876901,7257.001185162288
5.409,403.70349175608595,173.17999104,0.0,1,10030.31050368,7,0,1569.0,-1971.0,7257.0
5.583,411.44527777777773,161.0,0.0,1,10715.0,7,0,1489.3146465680154,-1986.8592671200743,7256.985612662843
5.649,414.31180048696666,158.68999552,0.0,1,11177.000896,7,0,1462.0,-1993.0,7257.0
5.783,420.0008333333333,154.0,0.0,1,12115.0,7,0,1411.5829310997187,-2005.7935879450079,7257.067966386127
5.849,422.7084486704787,150.2874928,0.0,1,12044.0498624,7,0,1384.0,-2016.0,7257.0
5.943,426.4452777777777,145.0,0.0,1,11943.0,6,0,1337.770153834274,-2037.7129507350014,7256.699831288588
6.089,431.94661941197705,138.30832746666667,0.0,1,11456.332906666667,6,0,1269.0,-2076.0,7256.0
6.183,435.378611111111,134.0,0.0,1,11143.0,4,0,1243.8278215085197,-2092.736333782817,7255.613417922487
6.409,443.4301514326188,128.3499968,0.0,1,10635.4413792,4,0,1218.0,-2123.0,7255.0
6.423,443.9119444444444,128.0,0.0,1,10604.0,2,0,1215.9023492545107,-2125.6418459546394,7254.983188515068
6.689,452.61646246509457,121.3499968,0.0,1,10223.2873168,2,0,1163.0,-2203.0,7255.0
6.903,459.378611111111,116.0,0.0,0,9917.0,2,0,1121.75355094492,-2305.8648362807376,7255.000140792444
6.909,459.5691893520952,115.96999936,1.0500224,0,9923.78014464,2,0,1121.0,-2308.0,7255.0
7.103,465.7674999999999,115.0,35.0,0,10143.0,2,0,1110.8420099997188,-2343.827198523174,7255.004280355168
7.189,468.5483874691973,115.43000064,24.249984,0,9905.63964672,2,0,1107.0,-2360.0,7255.0
7.303,472.2119444444444,116.0,10.0,0,9591.0,2,0,1097.5962609373983,-2394.360753980937,7254.981479010183
7.409,475.5216528709341,113.72856868571428,6.214281142857143,0,9386.571181714286,2,0,1087.0,-2430.0,7255.0
7.583,480.7674999999999,110.0,0.0,1,9051.0,2,0,1069.1479718828139,-2479.6733698854446,7255.102677471563
7.629,482.1205421862815,109.10555306666667,0.0,1,9042.9499776,2,0,1062.0,-2494.0,7255.0
7.909,490.11027320877054,103.66110862222222,0.0,1,8993.9499776,2,0,1000.0,-2588.0,7253.0
7.943,491.0674999999999,103.0,0.0,0,8988.0,2,0,994.7513183728215,-2594.580852590778,7252.744688727042
8.103,495.55638888888876,101.0,0.0,0,8905.0,2,0,979.145358700967,-2607.744906709566,7251.648770589315
8.189,497.9693089687669,101.2687504,8.062512,0,8934.8312944,2,0,965.0,-2615.0,7251.0
8.423,504.6230555555554,102.0,30.0,0,9016.0,2,0,889.2196560327341,-2653.484501773869,7248.864082419825
8.529,507.7443814313268,103.9875024,37.6187592,0,9302.2003456,2,0,850.0,-2670.0,7248.0
8.743,514.2230555555554,108.0,53.0,0,9880.0,2,0,777.071636008804,-2689.8969808161187,7246.781063875351
8.909,519.3902155967072,112.1500032,60.47000576,0,10228.6002688,2,0,730.0,-2698.0,7246.0
8.943,520.5008333333332,113.0,62.0,0,10300.0,2,0,721.7097537029802,-2699.3109966407883,7245.829824764917
9.31,533.8329229884687,128.84773003636363,77.01363898181819,0,11624.536594618181,2,0,635.0,-2710.0,7244.0
9.383,536.6341666666665,132.0,80.0,0,11888.0,2,0,606.6216399084215,-2713.1818589130953,7243.738621967122
9.61,545.5272528227453,140.10714514285715,96.21429028571428,0,12001.500032,2,0,500.0,-2724.0,7243.0
9.663,547.678611111111,142.0,100.0,0,12028.0,2,0,476.011902026974,-2725.7760845338003,7242.764031539631
9.863,556.178611111111,153.0,100.0,0,11540.0,3,0,391.36928965114873,-2729.5408503840385,7241.647845623905
10.01,563.0079905237525,164.76000512,100.0,0,11128.3998208,3,0,336.0,-2731.0,7241.0
10.063,565.5674999999999,169.0,100.0,0,10980.0,3,0,317.5526929268935,-2731.4232467849633,7240.84317215478
10.409,583.140226807334,182.41828989133117,100.0,0,11065.301985737748,3,0,163.0,-2716.0,7241.0
10.424,583.9183333333332,183.0,100.0,0,11069.0,4,0,151.00501872612293,-2713.3806055874766,7241.066407924613
10.569,591.4736239505543,186.22222648888888,100.0,0,10685.15226951111,4,0,21.0,-2681.0,7242.0
10.784,603.0183333333332,191.0,100.0,0,10116.0,4,0,-109.71812665872974,-2632.659268166055,7244.494030193856
10.969,613.5546845326629,202.562512,100.0,0,10572.333806933333,4,0,-184.0,-2593.0,7247.0
11.024,616.7516666666664,206.0,100.0,0,10708.0,5,0,-204.6124686348518,-2581.469971730517,7247.697240727821
11.264,630.9516666666665,213.0,100.0,0,10708.0,5,0,-288.13398898086814,-2531.25691380659,7250.47095665414
11.423,640.6683333333332,220.0,100.0,0,11201.0,5,0,-351.37988788799856,-2485.9925809191063,7251.95068553725
11.429,641.0408475923177,220.20000426666667,100.0,0,11174.474434133333,5,0,-354.0,-2484.0,7252.0
11.663,655.8683333333332,228.0,100.0,0,10140.0,6,0,-465.1612918373973,-2391.6577358516815,7253.929048170537
11.669,656.253829874295,228.1500032,100.0,0,10140.0,6,0,-468.0,-2389.0,7254.0
11.863,668.8127777777776,233.0,100.0,0,10140.0,6,0,-555.3313020528125,-2298.7304912158806,7256.745508042806
11.889,670.5041772105295,233.3250016,100.0,0,10193.3002624,6,0,-566.0,-2287.0,7257.0
12.069,682.2652160845064,235.5750016,100.0,0,10562.3002624,6,0,-642.0,-2196.0,7258.0
12.183,689.8794444444443,237.0,100.0,0,10796.0,6,0,-718.4396210417688,-2088.9266764620706,7259.48456282664
12.289,697.1211509204682,241.54286262857144,100.0,0,10887.235824457142,6,0,-782.0,-1997.0,7261.0
12.463,709.246111111111,249.0,100.0,0,11037.0,6,0,-811.5766882125133,-1953.398118186968,7262.397641304836
12.569,716.690141392475,250.2045469090909,100.0,0,11118.186461672727,6,0,-824.0,-1933.0,7263.0
12.903,740.2905555555556,254.0,100.0,0,11374.0,6,0,-948.6581944129896,-1732.8177857995067,7265.900056328828
12.909,740.7136650511319,254.0,100.0,0,11374.0,6,0,-951.0,-1729.0,7266.0
13.063,751.5794444444444,254.0,100.0,0,11374.0,6,0,-1007.7913556514885,-1635.6229935346523,7268.911019667029
13.069,752.0048806661002,254.11666915555554,100.0,0,11361.566401422222,6,0,-1010.0,-1632.0,7269.0
13.329,770.6911823769593,259.1722247111111,100.0,0,10822.788623644445,6,0,-1107.0,-1474.0,7271.0
13.423,777.6794444444444,261.0,100.0,0,10628.0,6,0,-1139.3908290501072,-1420.7209411517772,7272.265488237108
13.549,787.2945776389063,268.6500077714286,100.0,0,10729.250102857142,6,0,-1182.0,-1350.0,7274.0
13.689,798.2055066683234,277.1500077714286,100.0,0,10841.750102857142,6,0,-1237.0,-1258.0,7275.0
13.703,799.3016666666665,278.0,100.0,0,10853.0,6,0,-1244.3000606451758,-1245.7363187889287,7275.154016266765
13.863,811.8794444444443,283.0,100.0,0,10966.0,7,0,-1350.9940525245263,-1066.0338116262174,7277.913379056669
13.929,817.0756241067403,283.4125008,100.0,0,11026.2251168,7,0,-1389.0,-1002.0,7279.0
14.023,824.5016666666666,284.0,100.0,0,11112.0,7,0,-1427.174252372997,-937.7449541222519,7280.180950510856
14.223,840.5016666666667,288.0,100.0,0,11252.0,7,0,-1463.986257891876,-876.7271673062087,7281.522431238977
14.309,847.4323694324879,289.6125024,100.0,0,11282.6375456,7,0,-1488.0,-838.0,7282.0
14.383,853.4349999999998,291.0,100.0,0,11309.0,7,0,-1515.7781445793016,-793.4263769486649,7282.410144319909
14.449,858.8320610407585,292.41428845714285,100.0,0,11338.935772342857,7,0,-1548.0,-742.0,7283.0
14.663,876.535,297.0,100.0,0,11436.0,7,0,-1697.2565931412764,-505.4576601356388,7287.161464924773
14.709,880.3536982313449,297.5750016,100.0,0,11318.5080064,7,0,-1724.0,-463.0,7288.0
14.903,896.535,300.0,100.0,0,10823.0,7,0,-1786.8413427267799,-362.1742697394928,7290.287146250788
15.089,912.2830830683422,303.32143085714284,100.0,0,10569.906968685715,7,0,-1830.0,-293.0,7292.0
15.183,920.2572222222221,305.0,100.0,0,10442.0,8,0,-1866.446778625919,-235.64338787004968,7293.193396611852
15.343,933.8127777777777,305.0,100.0,0,10517.0,8,0,-1944.0233484921396,-113.83564641432885,7295.452801143656
15.389,937.7390628158971,305.7666688,100.0,0,10538.083392,8,0,-1966.0,-79.0,7296.0
15.583,954.4127777777777,309.0,100.0,0,10627.0,8,0,-2053.4814048658063,60.98184362542899,7297.931853876633
15.589,954.927938355944,309.0,100.0,0,10631.2000896,8,0,-2056.0,65.0,7298.0
15.743,968.146111111111,309.0,100.0,0,10739.0,8,0,-2120.5366310566255,167.36426488776237,7300.1325153621065
15.79,972.1998281282048,309.47000064,100.0,0,10738.76499968,8,0,-2148.0,211.0,7301.0
15.97,987.8360239879919,311.27000064,100.0,0,10737.86499968,8,0,-2286.0,431.0,7305.0
16.143,1002.9238888888889,313.0,100.0,0,10737.0,8,0,-2363.287787272197,554.5253192716439,7307.6430291213965
16.343,1020.3683333333332,314.0,100.0,0,10769.0,8,0,-2406.3191146489294,625.218790713036,7308.910294359952
16.41,1026.2212184540183,314.16750016,100.0,0,10780.39001088,8,0,-2432.0,668.0,7309.0
16.45,1029.718190648664,314.26750016,100.0,0,10787.19001088,8,0,-2450.0,698.0,7309.0
16.709,1052.3915719533384,314.91500032,100.0,0,10831.22002176,8,0,-2569.0,891.0,7312.0
16.743,1055.368333333333,315.0,100.0,0,10837.0,8,0,-2590.2421744795656,926.0265787357163,7312.708601465846
16.944,1072.9558333333332,315.0,100.0,0,10834.0,8,0,-2738.1193348505553,1173.5675361944352,7317.742159020317
17.009,1078.6308646083494,314.7291658666667,100.0,0,10822.354132266666,8,0,-2773.0,1233.0,7319.0
17.184,1093.8891666666666,314.0,100.0,0,10791.0,8,0,-2816.1109590600904,1310.6573123488172,7320.868852505714
17.289,1103.0497336419376,314.0,100.0,0,10788.7031208,8,0,-2838.0,1356.0,7322.0
17.504,1121.8002777777776,314.0,100.0,0,10784.0,8,0,-2917.6812514636513,1524.3467892867732,7325.640372862563
17.529,1123.9767198830305,313.9107136,100.0,0,10784.3571456,8,0,-2927.0,1545.0,7326.0
17.749,1143.10189309673,313.12499931428573,100.0,0,10787.500002742858,8,0,-3001.0,1722.0,7328.0
17.784,1146.1447222222218,313.0,100.0,0,10788.0,8,0,-3013.186693508676,1753.0806183363816,7328.195073475623
17.944,1160.0558333333329,313.0,100.0,0,10728.0,8,0,-3071.777328770607,1907.8375397225104,7328.767087622201
18.049,1169.167028871461,312.6236553121364,100.0,0,10720.096761554865,8,0,-3105.0,1999.0,7329.0
18.223,1184.235833333333,312.0,100.0,0,10707.0,8,0,-3145.142932458232,2116.2760648515527,7329.338251933531
18.309,1191.6761394786931,311.7312496,100.0,0,10680.6624608,8,0,-3165.0,2181.0,7330.0
18.543,1211.8802777777773,311.0,100.0,0,10609.0,8,0,-3232.8237674012325,2423.6530230283215,7334.427287754512
18.689,1224.435456488124,309.95714194285716,100.0,0,10549.557090742857,8,0,-3270.0,2564.0,7337.0
18.823,1235.9136111111109,309.0,100.0,0,10495.0,8,0,-3293.2203647671636,2656.1706971081057,7338.200913472116
18.983,1249.5580555555553,307.0,100.0,0,10507.0,8,0,-3312.166541514643,2743.929990027874,7338.924735578188
19.069,1256.8792279285346,306.4624992,100.0,0,10488.7249728,8,0,-3325.0,2813.0,7340.0
19.143,1263.1580555555552,306.0,100.0,0,10473.0,8,0,-3337.951881845605,2886.750118734876,7341.374208217081
19.309,1277.1275860969483,303.9249984,100.0,0,10413.343704,8,0,-3367.0,3063.0,7345.0
19.463,1290.0024999999996,302.0,100.0,0,10358.0,8,0,-3380.825568825405,3163.8094984562526,7347.065760236402
19.589,1300.5145750704112,300.94999893333335,100.0,0,10310.749952,8,0,-3388.0,3246.0,7349.0
19.703,1310.0024999999994,300.0,100.0,0,10268.0,8,0,-3395.113556045181,3351.5445949329746,7351.764581892992
19.889,1325.4249202173892,298.8374992,100.0,0,10227.312472,8,0,-3405.0,3545.0,7357.0
20.023,1336.4913888888882,298.0,100.0,0,10198.0,8,0,-3407.525044519738,3654.2995148233185,7359.855486603936
20.183,1349.6469444444438,296.0,100.0,0,10112.0,8,0,-3405.250407375881,3758.463004702244,7362.3223478733635
20.309,1359.9227611637846,294.4249984,100.0,0,10087.849975466666,8,0,-3399.0,3852.0,7364.0
20.423,1369.180277777777,293.0,100.0,0,10066.0,8,0,-3389.9054613509134,3949.5619153793186,7365.37720363588
20.623,1385.4024999999995,292.0,100.0,0,10037.0,8,0,-3368.1945057603443,4132.951563423861,7367.44023610966
20.689,1390.7607722669677,292.0,100.0,0,10037.0,8,0,-3361.0,4184.0,7368.0
20.783,1398.3802777777773,292.0,100.0,0,10037.0,8,0,-3350.9548775724497,4246.7380375485955,7368.690334303452
21.023,1417.446944444444,286.0,1.0,0,9518.0,8,0,-3320.9958792469406,4384.047687611357,7369.973906786241
21.029,1417.9051955449545,285.437488,0.9812495999999999,0,9504.6309648,8,0,-3320.0,4388.0,7370.0
21.269,1435.2767937701249,262.937488,0.23124960000000006,0,8969.8809648,8,0,-3271.0,4563.0,7371.0
21.343,1440.2024999999994,256.0,0.0,1,8805.0,8,0,-3253.985991316951,4614.163957444378,7371.45219821554
21.429,1445.6542409255092,245.48887324444445,0.0,1,8601.22747448889,8,0,-3234.0,4671.0,7372.0
21.689,1460.6371322629416,213.71109546666668,0.0,1,7985.1719189333335,8,0,-3177.0,4830.0,7373.0
21.703,1461.4024999999995,212.0,0.0,1,7952.0,8,0,-3174.142691512611,4837.677504855718,7373.01434533144
21.903,1471.9024999999995,189.0,0.0,1,8589.0,7,0,-3133.377696917899,4941.6982067984045,7372.991380751423
21.909,1472.2032426154178,188.49998933333333,0.0,1,8583.4498816,7,0,-3132.0,4945.0,7373.0
22.143,1483.1691666666661,169.0,0.0,1,8367.0,7,0,-3074.2418606865576,5076.2739216038,7373.964953318734
22.149,1483.4267867663648,168.4562384,0.0,1,8394.6380896,7,0,-3073.0,5079.0,7374.0
22.45,1495.123573991241,141.1781192,0.0,1,9781.1190448,7,0,-3028.0,5173.0,7376.0
22.463,1495.6136111111105,140.0,0.0,1,9841.0,5,0,-3025.9803669406797,5177.1153065789285,7376.075486323281
22.65,1502.6656077543553,136.10416533333333,0.0,1,9975.016712533334,5,0,-2995.0,5242.0,7377.0
22.703,1504.6136111111105,135.0,0.0,1,10013.0,4,0,-2987.249199222857,5260.0953097653755,7377.228971572982
22.95,1513.3264333851714,127.94285531428571,0.0,1,10474.360833828572,4,0,-2959.0,5339.0,7378.0
22.983,1514.4913888888882,127.0,0.0,1,10536.0,2,0,-2955.9630012025477,5348.904688356068,7378.033533595477
23.17,1521.1046454385173,127.0,0.0,1,9874.01977344,2,0,-2943.0,5406.0,7378.0
23.183,1521.5469444444436,127.0,0.0,0,9828.0,2,0,-2942.5117422207613,5410.472974164271,7377.997769669965
23.389,1528.1539501772127,118.20283950527306,8.064063786833033,0,9621.99982508181,2,0,-2944.0,5487.0,7378.0
23.464,1530.5233333333324,115.0,11.0,0,9547.0,2,0,-2950.1961400912814,5512.13961552188,7377.982398598293
23.664,1536.9122222222213,115.0,25.0,0,9967.0,2,0,-2980.1746846903484,5569.132861577038,7377.898998753834
23.789,1540.7615119631694,112.49999616,29.375006720000002,0,9947.62497024,2,0,-2998.0,5602.0,7378.0
23.864,1543.078888888888,111.0,32.0,0,9936.0,2,0,-3006.89364863801,5621.333561481893,7378.141451479756
24.064,1549.467777777777,115.0,48.0,0,10399.0,2,0,-3023.6786733268377,5672.187520540464,7378.856004458436
24.209,1554.2371591708827,117.41666986666667,43.770827733333334,0,10721.6254272,2,0,-3027.0,5714.0,7380.0
24.304,1557.4011111111104,119.0,41.0,0,10933.0,2,0,-3024.680165040338,5744.659836002606,7381.09215636421
24.389,1560.2494618644769,120.0625024,41.0,0,10933.0,2,0,-3020.0,5772.0,7382.0
24.464,1562.778888888888,121.0,41.0,0,10933.0,2,0,-3014.115929477154,5794.468241172918,7382.535974081579
24.529,1564.985047665028,121.27083413333334,42.35417066666667,0,10877.479002666667,2,0,-3007.0,5819.0,7383.0
24.704,1570.9122222222215,122.0,46.0,0,10728.0,2,0,-2979.2129272487014,5922.042574612147,7384.806428451912
24.729,1571.7422333621475,122.0,48.29806737861752,0,10792.902993844591,2,0,-2976.0,5935.0,7385.0
25.063,1583.0783333333327,122.0,79.0,0,11660.0,2,0,-2966.366162738082,6015.847606259411,7385.072025938127
25.129,1585.691593412132,130.250016,79.0,0,11244.1991936,2,0,-2967.0,6030.0,7385.0
25.263,1591.2449999999994,147.0,79.0,0,10400.0,2,0,-2968.2685850181165,6067.047393861237,7385.01642364176
25.349,1594.7226332694347,147.0,90.28751679999999,0,10866.0131936,2,0,-2970.0,6096.0,7385.0
25.423,1597.7783333333327,147.0,100.0,0,11267.0,3,0,-2972.484403257229,6123.838076473369,7384.904879660182
25.649,1608.0594783888776,160.4187576,100.0,0,11428.7313416,3,0,-2988.0,6223.0,7384.0
25.743,1612.5338888888882,166.0,100.0,0,11496.0,3,0,-2999.726661842119,6268.46656196673,7383.232616305333
25.869,1618.6000467226747,172.3000064,100.0,0,10725.8242176,3,0,-3018.0,6330.0,7382.0
25.903,1620.2672222222216,174.0,100.0,0,10518.0,3,0,-3022.807027086431,6345.965566324507,7381.669743512114
26.103,1630.3783333333329,182.0,100.0,0,10518.0,4,0,-3050.1260132587963,6435.685931619783,7379.766882334551
26.189,1634.8375186778985,185.01000448,100.0,0,10879.2005376,4,0,-3062.0,6476.0,7379.0
26.303,1640.8783333333329,189.0,100.0,0,11358.0,4,0,-3078.1252298082254,6532.720960712956,7378.043962508644
26.489,1651.157883544,196.30714788571427,100.0,0,10940.163998171429,4,0,-3105.0,6629.0,7377.0
26.583,1656.4338888888883,200.0,100.0,0,10729.0,4,0,-3119.011071220413,6677.666399827612,7376.984437221548
26.589,1656.770760461433,200.1125024,100.0,0,10713.1746624,4,0,-3120.0,6681.0,7377.0
26.743,1665.4561111111104,203.0,100.0,0,10307.0,5,0,-3150.6681613722553,6779.673114379221,7378.155620795787
26.889,1673.9093700658864,206.6500032,100.0,0,10553.114501485714,5,0,-3183.0,6874.0,7380.0
27.023,1681.789444444444,210.0,100.0,0,10779.0,5,0,-3210.4645033928564,6942.896224659353,7381.84938256402
27.303,1698.4338888888885,214.0,100.0,0,10919.0,5,0,-3271.398440999969,7063.998409466613,7384.972769286605
27.309,1698.796324817284,214.18000384,100.0,0,10927.94019072,5,0,-3273.0,7067.0,7385.0
27.489,1709.7933529374366,219.58000384,100.0,0,11196.14019072,5,0,-3326.0,7164.0,7385.0
27.503,1710.6561111111107,220.0,100.0,0,11217.0,5,0,-3330.273798192211,7171.611208715016,7384.938798642272
27.663,1720.5672222222217,223.0,100.0,0,11250.0,5,0,-3379.189304095519,7257.747057724395,7384.014374851958
27.669,1720.9396998834452,223.0375008,100.0,0,11252.0250432,5,0,-3381.0,7261.0,7384.0
27.823,1730.5227777777773,224.0,100.0,0,11304.0,5,0,-3426.513731236205,7345.3546731139095,7384.410437048184
27.889,1734.662615428004,224.60000116363636,100.0,0,11320.500032,5,0,-3445.0,7381.0,7385.0
28.089,1747.3401754244733,226.41818298181818,100.0,0,11370.500032,5,0,-3499.0,7494.0,7389.0
28.263,1758.389444444444,228.0,100.0,0,11414.0,5,0,-3554.0736349011704,7634.080905010128,7398.305672187384
28.329,1762.5682870979626,228.0,100.0,0,11434.350039466666,5,0,-3572.0,7683.0,7402.0
28.503,1773.5894444444439,228.0,100.0,0,11488.0,5,0,-3603.224781604018,7776.532823949836,7410.053089841815
28.703,1786.3672222222217,230.0,100.0,0,11519.0,5,0,-3625.2153340948107,7864.42310106864,7418.566082047388
28.749,1789.313644392886,230.23000064,100.0,0,11551.2000896,5,0,-3632.0,7893.0,7421.0
28.903,1799.200555555555,231.0,100.0,0,11659.0,5,0,-3659.091777315407,8009.026115063719,7430.317133856549
28.93,1800.9406744440898,230.8312496,100.0,0,11659.1687504,5,0,-3664.0,8030.0,7432.0
29.063,1809.4227777777771,230.0,100.0,1,11660.0,5,0,-3687.674165574492,8130.286595424323,7440.201730286142
29.263,1821.1449999999995,211.0,100.0,1,11660.0,5,0,-3718.7025462014826,8258.738434402683,7450.914310723927
29.29,1822.6440829787618,208.6857088,90.35712,1,11619.499904,5,0,-3722.0,8272.0,7452.0
29.543,1835.6894444444438,187.0,0.0,1,11240.0,5,0,-3744.6250522911578,8356.917674924985,7458.742591919276
29.59,1837.8679591332207,182.03888213333335,0.0,1,11064.271982933333,5,0,-3749.0,8372.0,7460.0
29.903,1850.5894444444436,149.0,0.0,1,9894.0,5,0,-3791.5713100832036,8498.248882418906,7470.546771083682
29.949,1852.2768298094447,144.90746098959966,0.0,1,9985.672873832968,5,0,-3802.0,8521.0,7472.0
30.184,1860.2683333333325,124.0,0.0,1,10454.0,3,0,-3865.965657786426,8639.221236210828,7477.914657635269
30.189,1860.4272623296133,123.7499904,0.0,1,10464.51290368,3,0,-3867.0,8641.0,7478.0
30.529,1870.3107560660267,106.7499904,0.0,1,11179.36290368,3,0,-3903.0,8692.0,7481.0
30.584,1871.823888888888,104.0,0.0,1,11295.0,2,0,-3911.1588320987994,8702.467638307953,7481.676772092998
30.749,1876.2877309352778,98.22499328,0.0,1,11022.7496832,2,0,-3942.0,8744.0,7484.0
30.784,1877.2127777777769,97.0,0.0,1,10965.0,1,0,-3948.6572306691287,8753.52947276146,7484.382435242259
31.029,1883.475508955146,93.171872,0.0,1,10190.1868928,1,0,-3988.0,8821.0,7486.0
31.104,1885.3905555555546,92.0,0.0,1,9953.0,1,0,-3992.83336813037,8838.857843907565,7486.323140306831
31.264,1889.4794444444435,92.0,0.0,0,9635.0,1,0,-3990.8521771033647,8872.034821655081,7486.819004881104
31.369,1891.9931701510463,89.3749952,1.1250020571428572,0,9588.874915657143,1,0,-3984.0,8893.0,7487.0
31.544,1896.0905555555546,85.0,3.0,0,9512.0,1,0,-3965.022055563954,8927.949466919516,7487.052136522004
31.629,1898.216184263055,86.74709946754749,7.633611631321587,0,9556.133251767178,1,0,-3954.0,8944.0,7487.0
32.663,1929.6605555555545,108.0,64.0,0,10093.0,1,0,-3760.6618530486203,9123.269482500158,7480.11491360651
32.669,1929.853031809117,108.2250048,64.0,0,10095.500053333333,1,0,-3759.0,9125.0,7480.0
32.903,1937.4605555555545,117.0,64.0,0,10193.0,1,0,-3691.4581325168597,9199.630481974627,7474.926033864992
32.949,1939.0201768170982,118.1500032,63.16363403636364,0,10327.132191418183,1,0,-3680.0,9214.0,7474.0
33.343,1953.104999999999,128.0,56.0,0,11476.0,2,0,-3620.1140060692155,9327.585408391193,7467.800664907863
33.389,1954.7572437926588,128.5750016,56.2875008,0,11573.1752704,2,0,-3616.0,9343.0,7467.0
33.503,1958.8827777777767,130.0,57.0,0,11814.0,2,0,-3607.6660758418293,9384.64422169199,7464.817880112138
33.769,1969.1106883439998,136.6500032,57.0,0,11426.30481344,2,0,-3600.0,9492.0,7459.0
33.903,1974.4383333333321,140.0,57.0,0,11231.0,2,0,-3603.663406562971,9543.710102995905,7456.007660626054
34.103,1982.4938888888878,145.0,57.0,0,10112.0,2,0,-3618.2438094890763,9616.319941014708,7451.812745754513
34.149,1984.3713548378607,145.7666688,60.4500096,0,10192.500224,2,0,-3623.0,9632.0,7451.0
34.343,1992.4272222222212,149.0,75.0,0,10532.0,3,0,-3648.7709369539907,9693.827727964623,7448.2425855499705
34.583,2002.827222222221,156.0,100.0,0,11641.0,3,0,-3689.903012219964,9771.831358859683,7443.204324434069
34.589,2003.0937220759615,156.2625056,100.0,0,11636.5749056,3,0,-3691.0,9774.0,7443.0
34.669,2006.677709454731,159.7625056,100.0,0,11577.5749056,3,0,-3707.0,9806.0,7440.0
34.743,2010.0716666666656,163.0,100.0,0,11523.0,3,0,-3728.8882996938933,9850.00955890633,7437.199315494044
34.929,2019.028582880819,171.63572022857142,100.0,0,10996.221066057144,3,0,-3798.0,9989.0,7431.0
35.023,2023.7605555555544,176.0,100.0,0,10730.0,4,0,-3822.077822147247,10037.15955420561,7428.8545194137705
35.349,2041.064758329197,189.04000512,100.0,0,11376.29525376,4,0,-3868.0,10134.0,7424.0
35.423,2045.0938888888877,192.0,100.0,0,11523.0,4,0,-3881.365434298009,10165.732957560449,7422.364597216892
35.583,2053.8938888888874,198.0,100.0,0,11551.0,4,0,-3913.184646086152,10247.067515788192,7418.516595979552
35.61,2055.401551272118,198.60000142222222,100.0,0,11477.4248256,4,0,-3918.0,10261.0,7418.0
35.67,2058.779192916038,199.93333475555556,100.0,0,11313.9248256,4,0,-3928.0,10292.0,7417.0
35.87,2070.2643207011897,204.3777792,100.0,0,10768.9248256,4,0,-3956.0,10401.0,7414.0
35.943,2074.4938888888873,206.0,100.0,0,10570.0,5,0,-3963.825624670377,10444.183623287567,7412.749904702496
36.223,2090.9049999999984,211.0,100.0,0,10877.0,5,0,-3983.566870576602,10618.284651324617,7407.4425205771095
36.25,2092.5188924325867,212.0125024,100.0,0,10895.2250432,5,0,-3985.0,10634.0,7407.0
36.383,2100.549444444443,217.0,100.0,0,10985.0,5,0,-3991.1314575302995,10707.386924739154,7405.07789112055
36.51,2108.292328968887,218.58255563016687,100.0,0,11071.644920751636,5,0,-3996.0,10778.0,7403.0
36.689,2119.324078629547,220.81308646740663,100.0,0,11193.766484090514,5,0,-4002.0,10886.0,7399.0
36.704,2120.2552777777764,221.0,100.0,0,11204.0,5,0,-4002.4692595584893,10894.780490167328,7398.687196910571
37.029,2140.647781272866,225.51389155555555,100.0,0,11306.916727466667,5,0,-4010.0,11097.0,7392.0
37.064,2142.8552777777763,226.0,100.0,0,11318.0,5,0,-4010.1533324946677,11127.657889369602,7390.854403793415
37.249,2154.5424005214363,227.32142994285715,100.0,0,11487.143032685713,5,0,-4009.0,11299.0,7384.0
37.344,2160.58861111111,228.0,100.0,0,11574.0,5,0,-4007.9141305580397,11355.517893546683,7381.417224801482
37.569,2175.075479054976,230.8125024,83.1249856,0,11681.5782168,5,0,-4003.0,11440.0,7377.0
37.664,2181.210833333332,232.0,76.0,0,11727.0,5,0,-3998.9644392649234,11492.644911035986,7374.768642692856
37.889,2195.699042798699,231.2968744,42.249971200000005,0,11549.1092232,5,0,-3985.0,11645.0,7369.0
37.984,2201.7441666666655,231.0,28.0,0,11474.0,5,0,-3977.549818437612,11706.079251349396,7366.805958027326
38.069,2207.10020724951,228.8749952,28.0,0,11474.0,5,0,-3964.0,11768.0,7365.0
38.184,2214.2997222222207,226.0,28.0,0,11474.0,5,0,-3927.0293540124794,11875.794163205828,7362.810583661377
38.309,2222.1184500909485,225.55197074076656,36.06452666620177,0,11414.412108521954,5,0,-3883.0,11985.0,7361.0
38.463,2231.7372222222207,225.0,46.0,0,11341.0,5,0,-3854.9636722573323,12047.258755603154,7359.95338545616
38.669,2244.5626741883702,224.14166613333333,46.85833386666667,0,11172.766562133333,5,0,-3804.0,12096.0,7359.0
38.703,2246.670555555554,224.0,47.0,0,11145.0,5,0,-3785.975011697401,12112.748548370657,7358.670681904939
38.863,2256.5372222222204,222.0,48.0,0,11140.0,5,0,-3673.8759227838614,12216.164825889828,7356.638860589471
38.929,2260.56624179071,221.1749984,51.575006933333334,0,11135.324990933334,5,0,-3637.0,12249.0,7356.0
39.103,2271.1372222222203,219.0,61.0,0,11123.0,5,0,-3586.480538483364,12287.989043597383,7355.265761884203
39.169,2275.176743543589,219.4125008,61.0,0,11123.0,5,0,-3567.0,12301.0,7355.0
39.263,2280.9149999999977,220.0,61.0,1,11123.0,5,0,-3528.867472017741,12326.942022683348,7354.439154902929
39.529,2296.6630462417797,214.67999744,33.73498688,1,10893.5748896,5,0,-3387.0,12429.0,7352.0
39.629,2302.4913034784427,212.67999744,23.48498688,1,10807.3248896,5,0,-3342.0,12466.0,7351.0
39.663,2304.4705555555533,212.0,20.0,0,10778.0,5,0,-3328.1141156641656,12478.143542210773,7350.704969150744
39.909,2318.757853120394,209.6937488,31.531256,0,10545.0686288,5,0,-3239.0,12587.0,7349.0
39.983,2323.0483333333314,209.0,35.0,0,10475.0,5,0,-3209.0749042261896,12646.2328395198,7348.325524271791
40.129,2331.4899924029537,208.0874992,32.2624976,0,10454.0124816,5,0,-3154.0,12774.0,7347.0
40.143,2332.292777777776,208.0,32.0,0,10452.0,5,0,-3150.10662920213,12783.696457480282,7346.907837843052
40.463,2350.33722222222,203.0,42.0,0,10297.0,5,0,-3125.329205465741,12893.740918996664,7346.326778166821
40.589,2357.4404713252143,203.0,42.0,0,10306.4500096,5,0,-3128.0,12955.0,7346.0
40.623,2359.359444444442,203.0,42.0,0,10309.0,5,0,-3128.7430201397337,12977.504481826189,7345.8525309975885
40.789,2368.7366545324785,203.5928576,59.192870400000004,0,10394.3714944,5,0,-3134.0,13101.0,7345.0
40.903,2375.226111111109,204.0,71.0,0,10453.0,5,0,-3142.0602140447054,13154.7899110723,7344.730016181701
41.049,2383.633423977654,206.43333546666668,74.04166933333333,0,10628.2001536,5,0,-3161.0,13210.0,7345.0
41.143,2389.0927777777756,208.0,76.0,0,10741.0,5,0,-3180.357125307357,13260.319012473945,7345.65596576397
41.303,2398.4705555555533,211.0,77.0,0,10786.0,5,0,-3224.1148164906117,13368.586302230811,7347.532426584737
41.429,2405.9863987293047,214.1500032,77.0,0,10786.0,5,0,-3255.0,13446.0,7349.0
41.463,2408.026111111109,215.0,77.0,0,10786.0,5,0,-3262.2212074357826,13464.489073881097,7349.364679084292
41.709,2422.8969025170777,217.63571565714287,78.75714377142857,0,11148.8501888,5,0,-3306.0,13581.0,7352.0
41.743,2424.9816666666648,218.0,79.0,0,11199.0,5,0,-3312.3883325064226,13598.238863331426,7352.469332753717
41.949,2437.801537851388,223.1500032,84.1500032,0,11310.828640914286,5,0,-3357.0,13719.0,7356.0
42.023,2442.4816666666648,225.0,86.0,0,11351.0,5,0,-3377.036753820491,13773.404416761716,7357.5389612891695
42.263,2457.8816666666644,231.0,70.0,0,10091.0,5,0,-3447.266778182437,13964.295637349263,7362.8633093053995
42.27,2458.333020593583,231.03888924444445,69.94166613333333,0,10095.822266311112,5,0,-3449.0,13969.0,7363.0
42.57,2477.7359690044073,232.7055559111111,67.44166613333333,0,10302.488932977778,5,0,-3509.0,14131.0,7367.0
42.623,2481.1816666666646,233.0,67.0,0,10339.0,6,0,-3520.1893238547536,14160.918779931586,7367.079584953158
42.71,2486.8514046714586,233.36250026666667,64.281248,0,10344.9812544,6,0,-3538.0,14216.0,7367.0
43.07,2510.3740466654767,234.86250026666667,53.031248000000005,0,10369.7312544,6,0,-3571.0,14520.0,7368.0
43.103,2512.514999999998,235.0,52.0,0,10372.0,6,0,-3571.190743681678,14541.288261406919,7367.984148257119
43.384,2530.623888888887,232.0,48.0,0,10341.0,6,0,-3554.7276116388407,14659.4990894929,7366.179139407845
43.489,2537.362039757134,231.5624992,54.1250112,0,10325.687472,6,0,-3540.0,14711.0,7364.0
43.624,2546.023888888887,231.0,62.0,0,10306.0,6,0,-3514.108833880675,14793.904330020567,7360.124600575017
43.629,2546.3450664746524,231.01785782857144,62.08928914285714,0,10307.910787657143,6,0,-3513.0,14797.0,7360.0
43.889,2563.096754704711,231.94642925714285,66.73214628571428,0,10407.267930514286,6,0,-3441.0,14948.0,7355.0
43.904,2564.068333333332,232.0,67.0,0,10413.0,6,0,-3436.0368484588294,14956.316863575395,7354.5284916126775
44.064,2574.4683333333314,234.0,72.0,0,10409.0,6,0,-3377.9545603540573,15042.41988499277,7348.189909284848
44.069,2574.7940387458957,234.02500096,72.02500096,0,10409.80003072,6,0,-3376.0,15045.0,7348.0
44.249,2586.5423227111805,234.92500096,72.92500096,0,10438.60003072,6,0,-3300.0,15133.0,7342.0
44.264,2587.523888888887,235.0,73.0,0,10441.0,6,0,-3293.1320511177914,15139.930534944076,7341.525264113699
44.424,2598.0127777777757,236.0,73.0,0,10514.0,6,0,-3214.8156211614596,15209.971468489126,7336.819962308082
44.489,2602.2726796188604,236.0,69.42498944,0,10537.07506816,6,0,-3181.0,15236.0,7336.0
44.609,2610.138975593713,236.0,62.824989439999996,0,10579.67506816,6,0,-3116.0,15280.0,7336.0
44.624,2611.123888888887,236.0,62.0,0,10585.0,6,0,-3107.6246716872356,15285.11084519713,7335.839977183797
44.824,2624.2905555555535,237.0,70.0,0,10575.0,6,0,-2990.6333774352506,15344.852125051688,7328.651045010145
44.929,2631.220100583798,237.4375008,71.7500032,0,10617.0000768,6,0,-2926.0,15370.0,7325.0
45.064,2640.1572222222203,238.0,74.0,0,10671.0,6,0,-2840.170886451437,15396.010827744085,7322.449120818761
45.089,2641.817629499708,238.20920657159323,74.52301642898304,0,10690.037798014982,6,0,-2824.0,15400.0,7322.0
45.303,2656.0905555555532,240.0,79.0,0,10853.0,6,0,-2682.9840970999303,15423.590316451915,7317.149363473488
45.309,2656.491836737162,240.05000106666665,79.02500053333333,0,10852.724994133334,6,0,-2679.0,15424.0,7317.0
45.529,2671.2736666946257,241.8833344,79.9416672,0,10842.6416608,6,0,-2532.0,15430.0,7312.0
45.543,2672.223888888887,242.0,80.0,0,10842.0,6,0,-2522.521934812249,15429.799179853282,7311.819159742912
45.629,2678.0925738978985,243.29000192,82.79500416,0,10877.26005248,6,0,-2464.0,15427.0,7311.0
45.809,2690.5295462666136,245.99000192,88.64500416,0,10951.06005248,6,0,-2342.0,15412.0,7309.0
45.943,2699.7794444444426,248.0,93.0,0,11006.0,6,0,-2254.917204127144,15393.464503955742,7308.921351311339
46.089,2709.815278364056,248.0,98.11000448,0,11216.97018496,6,0,-2156.0,15362.0,7310.0
46.143,2713.5572222222204,248.0,100.0,0,11295.0,6,0,-2115.9673054662567,15346.168083775236,7310.540665970781
46.343,2727.6683333333317,254.0,100.0,0,11295.0,6,0,-1965.899118941813,15276.01627769781,7312.931228566236
46.349,2728.097863236527,254.12272989090908,100.0,0,11301.341044363637,6,0,-1962.0,15274.0,7313.0
46.709,2754.393231966952,261.48636625454543,100.0,0,11681.795589818183,6,0,-1774.0,15143.0,7319.0
46.783,2759.812777777776,263.0,100.0,0,11760.0,6,0,-1727.2125056514662,15097.735996689124,7322.055891311149
46.949,2771.93118996337,263.0,100.0,0,11700.23995392,6,0,-1622.0,14986.0,7330.0
46.983,2774.4238888888867,263.0,100.0,0,11688.0,6,0,-1605.5494015518368,14966.809901756224,7331.320419431266
47.183,2789.2016666666646,266.0,100.0,0,10541.0,6,0,-1540.7804945963996,14875.004962447782,7337.09940528677
47.249,2794.1013306532723,266.4714294857143,100.0,0,10506.821362285715,6,0,-1521.0,14840.0,7339.0
47.463,2810.046111111109,268.0,100.0,0,10396.0,7,0,-1450.3820031565106,14697.368079660215,7346.223322352461
47.509,2813.485471963335,268.3285723428571,100.0,0,10412.592903314286,7,0,-1437.0,14666.0,7348.0
47.729,2829.9925278749365,269.9000009142857,100.0,0,10491.950046171429,7,0,-1388.0,14509.0,7358.0
47.743,2831.046111111109,270.0,100.0,0,10497.0,7,0,-1385.459149672781,14496.105562172996,7358.777217326207
47.969,2848.1056075856886,271.0272733090909,100.0,0,10509.840916363637,7,0,-1355.0,14255.0,7372.0
48.183,2864.290555555553,272.0,100.0,0,10522.0,7,0,-1355.9398538814405,14101.91808846822,7377.375699241099
48.369,2878.3434201607683,272.0,100.0,0,10522.0,7,0,-1373.0,13998.0,7379.0
48.383,2879.4016666666644,272.0,100.0,0,10522.0,7,0,-1374.5990879373392,13989.638894307398,7379.133328383669
48.77,2908.7436706822937,272.96750016,100.0,0,10634.23001856,7,0,-1440.0,13732.0,7382.0
48.783,2909.7349999999974,273.0,100.0,0,10638.0,7,0,-1443.1568274165836,13722.683104938773,7381.973192419681
48.99,2925.581002579558,274.72500053333334,100.0,0,10694.9250176,7,0,-1500.0,13574.0,7380.0
49.143,2937.3349999999973,276.0,100.0,0,10737.0,7,0,-1547.1188112308164,13467.882634286336,7376.239615754957
49.15,2937.8731046612825,276.0437504,100.0,0,10737.3062528,7,0,-1550.0,13462.0,7376.0
49.303,2949.646111111108,277.0,100.0,0,10744.0,7,0,-1634.3044853538513,13301.25476170908,7369.137683067621
49.43,2959.449871433153,277.7937504,100.0,0,10746.3812512,7,0,-1696.0,13189.0,7364.0
49.463,2962.001666666664,278.0,100.0,0,10747.0,7,0,-1705.8205383857617,13171.588332494755,7363.118192930615
49.65,2976.4909931253846,278.66548080637284,100.0,0,10779.60855951227,7,0,-1736.0,13124.0,7360.0
49.744,2983.7791666666635,279.0,100.0,0,10796.0,7,0,-1764.489951213644,13080.405860429988,7357.499717435854
49.969,3001.2163608142837,279.0,100.0,0,10784.7499904,7,0,-1875.0,12918.0,7349.0
49.984,3002.379166666664,279.0,100.0,0,10784.0,7,0,-1883.7511852376945,12906.065512127847,7348.397399999503
50.169,3016.727653860611,279.0,100.0,0,10748.38746304,7,0,-2007.0,12748.0,7341.0
50.384,3033.379166666664,279.0,100.0,0,10707.0,7,0,-2184.481993701276,12541.46400962931,7334.195157567323
50.449,3038.3986688965438,278.67499904,100.0,0,10708.95000576,7,0,-2220.0,12501.0,7333.0
50.584,3048.8236111111087,278.0,100.0,0,10713.0,7,0,-2247.17266895963,12470.255214864424,7332.125601511411
50.689,3056.9626279892927,278.6562512,100.0,0,10703.156232,7,0,-2271.0,12443.0,7332.0
50.744,3061.2236111111083,279.0,100.0,0,10698.0,7,0,-2297.519362534592,12412.500382867674,7331.859488175471
50.944,3076.668055555553,278.0,100.0,0,10695.0,7,0,-2456.4328750913423,12229.367247422222,7331.088341478949
51.029,3083.2297808816074,278.0,100.0,0,10695.0,7,0,-2514.0,12163.0,7331.0
51.184,3095.201388888886,278.0,100.0,0,10695.0,7,0,-2581.108324900752,12085.620363021195,7331.413014577649
51.384,3110.6458333333308,278.0,100.0,0,10684.0,7,0,-2629.9696636538524,12028.594387057183,7332.642714986818
51.449,3115.6470394962926,277.67499904,100.0,0,10666.1249472,7,0,-2655.0,11999.0,7333.0
51.584,3126.03472222222,277.0,100.0,0,10629.0,7,0,-2721.4441060741638,11920.028698292332,7333.763647357162
51.609,3127.9669476503905,277.0,100.0,0,10631.37501824,7,0,-2734.0,11905.0,7334.0
51.689,3134.1693873037666,277.0,100.0,0,10638.97501824,7,0,-2773.0,11858.0,7335.0
51.784,3141.4236111111086,277.0,100.0,0,10648.0,7,0,-2819.016864427187,11801.73297067405,7336.29298720566
51.909,3150.617897163525,269.38350259303166,55.19707407665685,0,10200.418770025803,7,0,-2879.0,11727.0,7338.0
52.063,3161.5736111111087,260.0,0.0,1,9649.0,7,0,-2950.68012805242,11635.39532258401,7339.972480592167
52.169,3168.9980075481603,252.7124912,0.0,1,9503.9123248,7,0,-2996.0,11574.0,7341.0
52.223,3172.6402777777753,249.0,0.0,1,9430.0,7,0,-3017.221483891098,11543.55859221924,7341.36241414682
52.409,3184.1560611875475,228.4071286857143,0.0,1,9906.293184914286,7,0,-3082.0,11442.0,7342.0
52.503,3189.595833333331,218.0,0.0,1,10147.0,7,0,-3111.2686517362317,11391.510291315175,7342.202299211471
52.649,3197.7278690948037,201.5749856,0.0,1,10312.1626448,7,0,-3153.0,11314.0,7343.0
52.663,3198.4847222222197,200.0,0.0,1,10328.0,7,0,-3156.817285803747,11306.626233989038,7343.159509392277
52.729,3201.995895440981,196.14999253333335,0.0,1,10464.9502656,7,0,-3174.0,11273.0,7344.0
52.903,3210.88472222222,186.0,0.0,1,10826.0,7,0,-3206.2957124353707,11210.352290056073,7344.977705018793
53.069,3219.0624713306615,179.7749952,0.0,1,11315.1816272,7,0,-3236.0,11144.0,7345.0
53.223,3226.3513888888865,174.0,0.0,1,11769.0,3,0,-3276.0825708269804,11042.273926455488,7345.004919076341
53.309,3230.278766271644,168.0874912,0.0,1,11769.0,3,0,-3296.0,10986.0,7345.0
53.383,3233.595833333331,163.0,0.0,1,11769.0,3,0,-3308.7865266276553,10944.494973295828,7344.990964738477
53.729,3248.601266811215,156.27221973333334,0.0,1,10713.6996096,3,0,-3329.0,10818.0,7345.0
53.743,3249.195833333331,156.0,0.0,0,10671.0,3,0,-3329.312194870524,10814.140246688356,7345.00904789029
54.009,3260.357747999513,151.2499977142857,25.650012342857142,0,10421.149879771428,3,0,-3329.0,10745.0,7345.0
54.023,3260.9402777777755,151.0,27.0,0,10408.0,3,0,-3328.420174724751,10740.5284715784,7344.954713266806
54.329,3273.602568904459,149.2999992888889,39.750005333333334,0,10460.700022044444,3,0,-3298.0,10623.0,7343.0
54.383,3275.8402777777756,149.0,42.0,0,10470.0,3,0,-3288.5761499125924,10603.179854293016,7342.675945521085
54.589,3284.4149817334805,150.71666773333334,58.59445475555556,0,10873.989139911111,3,0,-3241.0,10534.0,7341.0
54.709,3289.551474036519,151.71666773333334,68.26112142222222,0,11109.322473244445,3,0,-3205.0,10497.0,7339.0
54.743,3291.0402777777754,152.0,71.0,0,11176.0,3,0,-3193.807504260665,10486.703892671605,7338.561977689028
54.969,3301.3120465860525,160.21818647272727,72.54090996363637,0,11526.813835054545,3,0,-3113.0,10420.0,7337.0
55.149,3309.9125979377927,166.76364101818183,73.76818269090909,0,11806.222925963637,3,0,-3047.0,10367.0,7335.0
55.183,3311.5736111111087,168.0,74.0,0,11859.0,3,0,-3031.3572643604675,10355.221104169144,7334.579528699254
55.41,3322.956885521814,175.94500224,80.24250176,0,11283.55483776,3,0,-2914.0,10271.0,7332.0
55.583,3331.795833333331,182.0,85.0,0,10845.0,4,0,-2861.0496347094017,10232.986137939593,7331.250184389143
55.71,3338.2951658970514,183.984376,90.953128,0,11209.3314336,4,0,-2826.0,10207.0,7331.0
55.903,3348.418055555553,187.0,100.0,0,11763.0,4,0,-2752.7215118019885,10151.344303324844,7330.523310805494
56.03,3355.4445595793923,195.89000448,100.0,0,11474.0748544,4,0,-2698.0,10110.0,7330.0
56.103,3359.58472222222,201.0,100.0,0,11308.0,4,0,-2665.9586892242423,10086.090513034906,7329.585564755051
56.19,3364.5949266976395,204.2489659084391,100.0,0,11111.979056857508,4,0,-2627.0,10057.0,7329.0
56.344,3373.6430555555535,210.0,100.0,0,10765.0,5,0,-2555.372159099647,10002.558572167336,7327.778625943036
56.449,3379.9188724134174,213.9375072,100.0,0,11059.0005376,5,0,-2506.0,9965.0,7327.0
56.504,3383.2430555555534,216.0,100.0,0,11213.0,5,0,-2480.3086686832685,9945.601075147524,7326.65541152205
56.629,3390.8947029667784,219.1250048,100.0,0,11213.0,5,0,-2420.0,9900.0,7326.0
56.704,3395.520833333331,221.0,100.0,0,11213.0,5,0,-2379.9593014720995,9869.207824927045,7325.654708832604
56.849,3404.506950202392,223.17500288,100.0,0,11563.90046464,5,0,-2297.0,9800.0,7325.0
56.904,3407.965277777776,224.0,100.0,0,11697.0,5,0,-2265.2539370615286,9769.386496131654,7324.712678918172
57.184,3426.087499999998,233.0,100.0,0,11905.0,5,0,-2115.909711309771,9596.216661072704,7323.114000101957
57.209,3427.72920151463,233.52083733333333,100.0,0,11789.582446933333,5,0,-2106.0,9583.0,7323.0
57.424,3441.9541666666646,238.0,100.0,0,10797.0,5,0,-2049.31007196549,9492.593637566632,7322.30193173604
57.689,3459.7562651420244,241.78571702857144,100.0,0,10990.071568457142,5,0,-2012.0,9378.0,7322.0
57.704,3460.7763888888867,242.0,100.0,0,11001.0,6,0,-2009.4794874608333,9369.03296133357,7321.995949072145
57.849,3470.7170841598363,246.531256,100.0,0,11072.5938448,6,0,-1985.0,9272.0,7322.0
57.864,3471.7541666666643,247.0,100.0,0,11080.0,6,0,-1982.9175206650086,9261.614713323715,7321.999126537834
58.009,3481.8666717954666,249.17500288,100.0,0,11182.58763584,6,0,-1968.0,9161.0,7322.0
58.229,3497.396707733087,252.47500288,100.0,0,11338.23763584,6,0,-1957.0,9005.0,7322.0
58.264,3499.8652777777756,253.0,100.0,0,11363.0,6,0,-1955.8736379250565,8975.71566091793,7321.8355524416165
58.464,3513.9763888888865,254.0,100.0,0,11466.0,6,0,-1951.3972632767059,8796.373904596501,7320.168343444055
58.489,3515.749366666541,254.31380985738983,100.0,0,11477.401758151831,6,0,-1951.0,8778.0,7320.0
58.703,3531.038333333331,257.0,100.0,0,11575.0,6,0,-1948.667104726802,8666.200366314844,7319.219643580011
58.769,3535.793903451088,258.2375024,100.0,0,11571.2874928,6,0,-1948.0,8631.0,7319.0
58.863,3542.5938888888863,260.0,100.0,0,11566.0,6,0,-1946.9356740265541,8572.21030055344,7318.601875142525
58.969,3550.2891333834127,260.8833344,100.0,0,11644.1750944,6,0,-1945.0,8496.0,7318.0
59.103,3560.060555555553,262.0,100.0,0,11743.0,6,0,-1940.4638771148707,8388.49098378104,7316.95176949358
59.349,3578.1339596641096,263.6772736,100.0,0,11116.817856,6,0,-1926.0,8191.0,7315.0
59.543,3592.4494444444417,265.0,100.0,0,10623.0,7,0,-1908.4844788261366,8075.06441351863,7314.326871272999
59.589,3595.845502644954,265.23000064,100.0,0,10558.82982144,7,0,-1903.0,8047.0,7314.0
59.743,3607.2272222222196,266.0,100.0,0,10344.0,7,0,-1877.8288426595868,7941.075877696473,7312.255155419113
59.769,3609.1527628208823,266.13000064,100.0,0,10340.48998272,7,0,-1871.0,7920.0,7312.0
59.943,3622.0605555555526,267.0,100.0,0,10317.0,7,0,-1800.2836550554396,7750.023014243475,7311.108336760851
60.129,3635.855752812273,267.0,100.0,0,10339.78501568,7,0,-1719.0,7582.0,7311.0
60.343,3651.7272222222196,267.0,100.0,0,10366.0,7,0,-1675.667282645919,7500.136548271486,7310.96744784714
60.529,3665.528034336105,267.0,100.0,0,10400.100023466666,7,0,-1609.0,7425.0,7311.0
60.583,3669.5272222222193,267.0,100.0,0,10410.0,7,0,-1573.4404206467818,7387.003173960284,7311.017226822296
60.749,3681.7887522357264,266.4071424,100.0,0,10372.6499712,7,0,-1445.0,7254.0,7311.0
60.863,3690.216111111108,266.0,100.0,0,10347.0,7,0,-1382.1614720326013,7195.138393119289,7310.780763445301
61.023,3702.082777777775,267.0,100.0,0,10391.0,7,0,-1326.3468360345012,7155.883302655296,7310.243906497828
61.149,3711.4322292646616,267.0,100.0,0,10391.0,7,0,-1267.0,7121.0,7310.0
61.303,3722.8494444444414,267.0,100.0,0,10391.0,7,0,-1167.3621925801203,7064.85704944713,7309.990101534483
61.349,3726.255471783017,266.8083328,100.0,0,10373.3666176,7,0,-1137.0,7049.0,7310.0
61.543,3740.582777777775,266.0,100.0,0,10299.0,7,0,-1009.0892308843773,6994.168649523214,7309.996393150348
61.569,3742.494980052838,265.8227264,100.0,0,10289.6635904,7,0,-987.0,6987.0,7310.0
61.769,3757.1351622004513,264.45909003636365,100.0,0,10217.845408581818,7,0,-787.0,6934.0,7310.0
61.983,3772.727222222219,263.0,100.0,0,10141.0,7,0,-673.4513135692744,6914.301529808474,7309.39722804541
62.09,3780.515148465899,262.6656248,100.0,0,10144.0093768,7,0,-612.0,6911.0,7309.0
62.303,3796.016111111108,262.0,100.0,0,10150.0,7,0,-422.20576698343456,6904.952413393164,7308.239360020212
62.37,3800.897357698259,262.0,100.0,0,10131.5749824,7,0,-368.0,6904.0,7308.0
62.623,3819.3049999999967,262.0,100.0,0,10062.0,7,0,-224.89143128097072,6904.968311905593,7307.031237376532
62.63,3819.811805360048,261.9124992,97.14164053333333,0,10058.7624704,7,0,-221.0,6905.0,7307.0
62.863,3836.5716666666635,259.0,2.0,1,9951.0,7,0,-74.25819257543604,6905.003770862159,7305.790153616739
63.009,3846.9229109581597,253.804264724103,0.9608529448205996,1,9256.84976714016,7,0,45.0,6907.0,7305.0
63.144,3856.007499999997,249.0,0.0,1,8615.0,7,0,177.9098557130418,6911.666654262138,7304.320115004872
63.229,3861.3151955546577,238.374976,0.0,1,8699.2033152,7,0,252.0,6915.0,7304.0
63.464,3874.585277777775,209.0,0.0,1,8932.0,7,0,361.35523390300773,6923.203820815865,7303.747604182903
63.629,3883.0625895010626,195.38748415999999,0.0,1,9273.96289792,7,0,418.0,6935.0,7303.0
63.809,3891.633308307186,180.53748416,0.0,1,9647.01289792,7,0,504.0,6959.0,7301.0
63.864,3894.1408333333306,176.0,0.0,1,9761.0,7,0,532.5954415736854,6969.17525346082,7300.3151354581205
64.049,3902.2248628730936,158.42498176,0.0,1,10912.6261952,7,0,627.0,7009.0,7298.0
64.064,3902.863055555553,157.0,0.0,1,11006.0,5,0,633.7030652782124,7012.060604261677,7297.820201413606
64.224,3909.52972222222,150.0,0.0,1,10183.0,4,0,694.7476236431644,7042.098195272323,7295.9926688254
64.384,3915.840833333331,142.0,0.0,1,10883.0,4,0,742.6362476528825,7068.481789984304,7294.502382905734
64.469,3918.917397294903,135.97915306666667,0.0,1,10714.0621184,4,0,768.0,7082.0,7294.0
64.624,3924.174166666664,125.0,0.0,1,10406.0,2,0,815.7224951302671,7106.276243130809,7293.423118501616
64.669,3925.6838334249337,124.0156208,0.0,1,10256.0931104,2,0,832.0,7114.0,7293.0
64.849,3931.6478974987276,120.0781208,0.0,1,9656.4681104,2,0,905.0,7146.0,7290.0
64.944,3934.663055555553,118.0,0.0,1,9340.0,2,0,932.1084189885946,7155.79793387065,7288.938523382651
65.129,3940.2037244083785,111.0624928,0.0,1,9056.1403304,2,0,970.0,7163.0,7288.0
65.264,3944.085277777775,106.0,0.0,1,8849.0,2,0,1006.1486155863909,7166.325365545876,7287.476584010455
65.429,3948.746250505662,103.93232875270917,10.338356236454137,1,8897.797041436064,2,0,1054.0,7165.0,7286.0
65.589,3953.2102564356956,101.92731654298682,20.3634172850659,1,8945.115329585511,2,0,1096.0,7153.0,7283.0
65.663,3955.2794444444417,101.0,25.0,0,8967.0,2,0,1115.9988097775877,7143.083545645283,7282.088283987297
65.823,3959.7683333333302,101.0,34.0,0,9094.0,2,0,1159.9049466997158,7113.685242589161,7281.319897156781
65.889,3961.6299887348005,101.49500096,36.64000512,0,9140.2000896,2,0,1176.0,7101.0,7281.0
66.223,3971.323888888886,104.0,50.0,0,9374.0,2,0,1238.156088044169,7035.655980764303,7278.5380510470495
66.309,3973.9834465730632,106.86667093333334,50.71666773333333,0,9647.289295644445,2,0,1254.0,7016.0,7278.0
66.509,3980.4472635460656,113.5333376,52.3833344,0,10282.8448512,2,0,1293.0,6966.0,7277.0
66.583,3982.923888888886,116.0,53.0,0,10518.0,2,0,1305.5818372537565,6949.09890159279,7276.480503811754
66.729,3987.9394029539108,120.86667093333334,60.3000064,0,10977.9004032,2,0,1335.0,6907.0,7275.0
66.929,3995.193012472134,127.5333376,70.3000064,0,11607.9004032,2,0,1402.0,6807.0,7272.0
66.943,3995.723888888886,128.0,71.0,0,11652.0,2,0,1405.493792470309,6801.793891433169,7271.819938322092
67.289,4009.7492804181134,144.43500608,88.3000064,0,11007.5747616,2,0,1443.0,6745.0,7269.0
67.343,4012.0572222222195,147.0,91.0,0,10907.0,3,0,1454.2629822626332,6726.746184025585,7268.572037733498
67.503,4019.0794444444414,158.0,91.0,0,10907.0,3,0,1498.7514788507501,6654.258323924765,7267.28118500536
67.549,4021.1743209374295,160.3000064,93.07000576,0,11035.8003584,3,0,1510.0,6636.0,7267.0
67.703,4028.412777777775,168.0,100.0,0,11467.0,3,0,1538.8491006928143,6589.523922565912,7266.426125747522
67.809,4033.5124196060247,171.312504,100.0,0,10777.999168,3,0,1563.0,6549.0,7266.0
67.863,4036.1016666666637,173.0,100.0,0,10427.0,3,0,1579.5302984828888,6520.5596216666645,7265.687993416052
68.023,4043.7905555555526,173.0,100.0,0,10427.0,4,0,1640.323383363616,6414.215534504848,7264.47480701147
68.089,4047.2032863173276,179.05001173333332,100.0,0,10465.500074666666,4,0,1662.0,6376.0,7264.0
68.263,4056.790555555553,195.0,100.0,0,10567.0,4,0,1701.9254852237964,6304.829863094504,7262.956427825324
68.503,4070.323888888886,203.0,100.0,0,10346.0,5,0,1739.6484024633535,6236.427997391727,7262.018487102226
68.51,4070.7254279133736,203.2625024,100.0,0,10353.6125696,5,0,1741.0,6234.0,7262.0
68.663,4079.6127777777747,209.0,100.0,0,10520.0,5,0,1774.4191879607406,6174.253217962473,7261.721318761492
68.81,4088.3465305477275,212.6750016,100.0,0,10825.0251328,5,0,1826.0,6082.0,7261.0
68.903,4093.9461111111086,215.0,100.0,0,11018.0,5,0,1874.5557973582586,5994.908983875896,7259.983598124569
68.99,4099.224432572273,217.1750016,100.0,0,11150.6750976,5,0,1919.0,5915.0,7259.0
69.103,4106.16833333333,220.0,100.0,0,11323.0,5,0,1958.86069544883,5842.874105368026,7258.162852915824
69.383,4123.901666666664,228.0,100.0,0,11559.0,5,0,2008.6901771203513,5752.941177452069,7257.278025652964
69.43,4126.910442062228,228.7014937158985,94.15421903417919,0,11599.686635522114,5,0,2022.0,5730.0,7257.0
69.584,4136.799166666664,231.0,75.0,0,11733.0,5,0,2080.4920141322286,5630.574347591964,7255.704723737674
69.789,4149.975005812318,231.0,10.937439999999995,0,11327.270453333333,5,0,2166.0,5489.0,7254.0
69.824,4152.199166666664,231.0,0.0,0,11258.0,5,0,2177.5018282949804,5470.710656219844,7253.8447404319995
70.104,4169.621388888886,224.0,0.0,0,11330.0,5,0,2244.4106434435043,5378.882524458177,7253.876294363708
70.229,4177.231501806336,221.32142445714285,5.803580342857143,0,11134.910414628572,5,0,2288.0,5339.0,7254.0
70.384,4186.576944444441,218.0,13.0,0,10893.0,5,0,2364.7465839924034,5278.645794317988,7253.992570026438
70.449,4190.482439584583,217.75624928,18.03751488,0,10902.99377952,5,0,2399.0,5255.0,7254.0
71.184,4234.354722222219,215.0,75.0,0,11016.0,5,0,2798.797248724416,5169.9404713270105,7256.470119033647
71.249,4238.254418656699,215.4642870857143,78.2500096,0,11026.446459428571,5,0,2850.0,5175.0,7257.0
71.464,4251.232499999996,217.0,89.0,0,11061.0,5,0,3030.487468581096,5200.459218393897,7258.962280622403
71.469,4251.536942582528,217.078128,89.0,0,11061.0,5,0,3034.0,5201.0,7259.0
71.784,4270.96583333333,222.0,89.0,0,11061.0,5,0,3180.3709158810643,5224.3537735483405,7260.4698620840445
71.869,4276.283381166656,223.41666986666667,82.27081813333334,0,11215.771182933333,5,0,3230.0,5231.0,7261.0
72.024,4286.032499999997,226.0,70.0,0,11498.0,5,0,3351.833608440012,5245.668096571746,7262.356889542996
72.109,4291.386352892476,226.53459218733397,65.7232625013283,0,11509.761028121347,5,0,3416.0,5252.0,7263.0
72.183,4296.058333333331,227.0,62.0,0,11520.0,5,0,3462.7030277379786,5255.328064962645,7263.380388635316
72.383,4308.724999999997,228.0,36.0,0,11270.0,5,0,3558.1778212323884,5255.084452870103,7263.808990701932
72.449,4312.871652996853,227.1749984,39.3000064,0,11281.5500224,5,0,3592.0,5253.0,7264.0
72.623,4323.724999999998,225.0,48.0,0,11312.0,5,0,3694.6879885455332,5243.090314699152,7264.743829877796
72.709,4329.077753874256,224.69285668571428,49.228573257142855,0,11303.3999872,5,0,3753.0,5234.0,7265.0
72.903,4341.14722222222,224.0,52.0,0,11284.0,5,0,3895.033859212306,5202.990933653157,7265.006509907821
72.909,4341.520901019855,224.0,51.81999616,0,11282.31996416,5,0,3899.0,5202.0,7265.0
73.103,4353.5916666666635,224.0,46.0,0,11228.0,5,0,4003.969149936479,5171.807901171247,7264.657511929943
73.309,4366.252268819778,221.4249984,41.70833066666667,0,11099.24992,5,0,4106.0,5125.0,7264.0
73.343,4368.324999999997,221.0,41.0,0,11078.0,5,0,4126.096794977777,5113.856775668418,7263.860965937332
73.529,4379.5845766297625,219.2562488,45.6500032,0,11053.0062328,5,0,4241.0,5042.0,7263.0
73.663,4387.702777777775,218.0,49.0,0,11035.0,5,0,4304.444808628385,4992.277143859212,7262.387889990703
73.909,4402.772444883875,220.3062512,64.375008,0,11174.1438224,5,0,4389.0,4902.0,7261.0
73.983,4407.34722222222,221.0,69.0,0,11216.0,5,0,4413.420455092892,4872.032284029493,7260.394570943936
74.149,4417.67923558531,222.84444586666666,74.99444906666666,0,11370.9334528,5,0,4473.0,4780.0,7259.0
74.343,4429.84722222222,225.0,82.0,0,11552.0,5,0,4559.217154530467,4594.169383618945,7258.093955525846
74.369,4431.48292159402,225.3250016,83.7875088,0,11565.3250656,5,0,4568.0,4574.0,7258.0
74.503,4439.936111111108,227.0,93.0,0,11634.0,5,0,4595.604811855791,4507.5265388496555,7257.556701654904
74.663,4450.113888888886,229.0,100.0,0,11730.0,5,0,4601.358324607888,4477.563109008433,7257.143735202343
74.769,4456.946546503195,231.12000256,100.0,0,11720.98998912,5,0,4615.0,4413.0,7257.0
74.863,4463.058333333331,233.0,100.0,0,11713.0,5,0,4636.164521779478,4318.7876850350995,7256.964899125675
75.01,4472.694143038908,235.10000091428572,100.0,0,11492.499904,5,0,4670.0,4171.0,7257.0
75.143,4481.491666666664,237.0,100.0,0,11293.0,5,0,4677.847016554574,4136.235567271386,7257.0033433104545
75.23,4487.285951967981,238.6312512,100.0,0,10986.8685248,5,0,4681.0,4119.0,7257.0
75.303,4492.15833333333,240.0,100.0,0,10730.0,6,0,4686.886128588021,4087.212639690247,7256.998654856665
75.463,4502.824999999996,240.0,100.0,0,10795.0,6,0,4707.896432879826,3971.9401707712286,7256.999537662898
75.55,4508.597620023305,240.0,100.0,0,10813.2156384,6,0,4718.0,3909.0,7257.0
75.67,4516.540888054089,240.0,100.0,0,10838.3406384,6,0,4729.0,3829.0,7257.0
75.783,4524.15833333333,240.0,100.0,0,10862.0,6,0,4739.354407384347,3752.6985755450396,7256.99997863048
75.93,4534.327953148333,244.39900511106316,100.0,0,10954.01252357307,6,0,4753.0,3652.0,7257.0
76.184,4552.22833333333,252.0,100.0,0,11113.0,6,0,4775.5684164735985,3477.891770136379,7256.99997391389
76.21,4554.046788496739,251.8374992,100.0,0,11104.7124592,6,0,4778.0,3459.0,7257.0
76.429,4569.257361527438,250.4687488,100.0,0,11034.9061888,6,0,4799.0,3293.0,7257.0
76.504,4574.4505555555525,250.0,100.0,0,11011.0,6,0,4805.27650743467,3238.359427952005,7256.999317533939
76.589,4580.334559220494,249.4687488,100.0,0,10974.3436672,6,0,4813.0,3170.0,7257.0
76.769,4592.7468200621115,248.3437488,100.0,0,10896.7186672,6,0,4834.0,2992.0,7257.0
76.824,4596.494999999996,248.0,100.0,0,10873.0,6,0,4838.6361816915105,2952.917110721483,7256.984941620718
77.024,4609.939444444441,242.0,100.0,0,10567.0,6,0,4848.802143693579,2868.93834366086,7256.947872444742
77.069,4612.9349463546205,241.35714011428573,100.0,0,10536.946300342857,6,0,4852.0,2844.0,7257.0
77.304,4628.450555555552,238.0,100.0,0,10380.0,6,0,4877.953477148613,2647.500183642387,7257.704366735674
77.449,4637.955007008116,234.97916266666667,99.39583253333333,0,10105.707970133333,6,0,4894.0,2531.0,7258.0
77.544,4643.983888888884,233.0,99.0,1,9926.0,6,0,4902.242058820249,2474.4706338526066,7257.987889020513
77.704,4653.450555555551,213.0,0.0,1,9219.0,6,0,4912.547004983786,2410.991846452124,7257.686350935223
77.849,4660.743038565776,194.06941937777776,0.0,1,8984.985801244444,6,0,4923.0,2350.0,7258.0
78.009,4667.704192112981,173.18053048888888,0.0,1,8726.763579022223,6,0,4937.0,2269.0,7259.0
78.064,4670.050555555551,166.0,0.0,1,8638.0,6,0,4941.727103433679,2242.387421043716,7259.109457763146
78.189,4675.317478869976,157.07141485714286,0.0,1,8745.143021714286,6,0,4952.0,2186.0,7259.0
78.344,4681.406111111107,146.0,0.0,1,8878.0,6,0,4964.020327859425,2121.999802299655,7259.072419224663
78.409,4683.6889539113035,139.906232,0.0,1,9001.2972392,6,0,4969.0,2097.0,7259.0
78.664,4691.717222222218,116.0,0.0,1,9485.0,6,0,4988.620810356635,2008.6050019842066,7258.006899618232
78.669,4691.877317948347,116.0,0.0,1,9506.9444118983,6,0,4989.0,2007.0,7258.0
78.789,4695.800117615407,116.0,0.0,1,10033.59007426406,6,0,4998.0,1970.0,7258.0
78.983,4701.996111111107,116.0,0.0,1,10885.0,3,0,5012.521097806436,1917.5979900382963,7257.492008752999
79.089,4704.972909971864,109.0437416,0.0,1,10752.1685896,3,0,5024.0,1886.0,7257.0
79.289,4710.08281362166,95.9187416,0.0,1,10501.5435896,3,0,5053.0,1819.0,7256.0
79.303,4710.440555555551,95.0,0.0,1,10484.0,1,0,5054.660794220401,1815.2605835750053,7255.955639581524
79.503,4715.551666666663,92.0,0.0,1,9943.0,1,0,5069.231696538752,1782.5277916942705,7255.846427801744
79.689,4720.114973237047,89.20999808,0.0,1,9586.80975488,1,0,5098.0,1756.0,7256.0
79.889,4724.788519843567,86.20999808,0.0,1,9203.80975488,1,0,5161.0,1712.0,7256.0
79.903,4725.107222222218,86.0,0.0,0,9177.0,1,0,5164.514447908505,1709.7361766925305,7256.014687578443
80.103,4729.551666666663,80.0,6.0,0,9021.0,1,0,5190.908921388132,1696.4012581559462,7256.542088565093
80.289,4733.5736299291575,78.44999893333333,19.175009066666668,0,9256.600162133333,1,0,5215.0,1700.0,7257.0
80.343,4734.7516666666625,78.0,23.0,0,9325.0,1,0,5227.748680262065,1701.5855971305327,7257.0435061218195
80.529,4738.895979557488,79.7437512,27.0687528,0,9525.531388,1,0,5280.0,1709.0,7257.0
80.663,4741.951666666662,81.0,30.0,0,9670.0,1,0,5304.994185268708,1716.3795670404945,7256.9892883440825
80.829,4745.808718244238,83.3714304,39.4857216,0,9919.000192,1,0,5331.0,1730.0,7257.0
80.943,4748.562777777774,85.0,46.0,0,10090.0,1,0,5355.198026143419,1743.7248854409745,7257.000539653699
81.009,4750.212895915183,86.92500373333333,46.0,0,10176.350167466666,1,0,5369.0,1752.0,7257.0
81.183,4754.696111111107,92.0,46.0,0,10404.0,1,0,5398.6703093416945,1771.9807505732706,7256.999755899301
81.329,4758.501997735919,94.19000192,55.49000832,0,10404.0,1,0,5437.0,1798.0,7257.0
81.383,4759.973888888884,95.0,59.0,0,10404.0,1,0,5458.4394920854265,1812.0066751325876,7257.000021459756
81.489,4763.013683613026,99.7111168,62.5333376,0,10390.1610944,1,0,5504.0,1841.0,7257.0
81.743,4771.0738888888845,111.0,71.0,0,10357.0,2,0,5563.834110332083,1872.2893095515692,7256.999989930538
81.95,4778.391408197501,123.07500373333333,84.80000426666666,0,11242.500273777778,2,0,5602.0,1882.0,7257.0
82.103,4784.273888888884,132.0,95.0,0,11897.0,2,0,5645.771097579601,1892.3753129749286,7257.000000410909
82.19,4787.811631979409,135.98750293333333,95.90625066666666,0,11723.362372266667,2,0,5686.0,1899.0,7257.0
82.39,4796.446497777092,145.1541696,97.989584,0,11324.1957056,2,0,5815.0,1914.0,7257.0
82.583,4804.807222222218,154.0,100.0,0,10939.0,2,0,5875.605540148422,1922.0247749055893,7256.99999811862
82.63,4806.805027340406,154.0,100.0,0,11065.17862856196,2,0,5890.0,1924.0,7257.0
82.824,4815.116666666662,154.0,100.0,0,11586.0,3,0,5973.0108189815355,1934.5981163707368,7257.000020809848
82.949,4820.897298574259,159.72917546666667,47.91658666666667,0,11056.3116864,3,0,6032.0,1942.0,7257.0
83.064,4826.116666666662,165.0,0.0,1,10569.0,3,0,6083.154583497818,1948.4680585961396,7256.999954102178
83.109,4828.029540288976,160.94998272,0.0,1,10569.0,3,0,6104.0,1951.0,7257.0
83.264,4834.283333333329,147.0,0.0,1,10569.0,3,0,6183.392941200294,1959.9452856405899,7257.0006055674585
83.409,4840.256296195305,147.0,0.0,1,11039.732766171428,3,0,6253.0,1967.0,7257.0
83.544,4845.716666666663,147.0,0.0,1,11478.0,2,0,6301.255220172063,1971.098393928365,7256.996949053086
83.769,4854.080608616424,137.43749184,0.0,1,10952.0620512,2,0,6368.0,1973.0,7257.0
83.869,4857.582280004668,133.18749184,0.0,1,10718.3120512,2,0,6404.0,1972.0,7257.0
83.944,4860.161111111107,130.0,0.0,1,10543.0,2,0,6431.009469617285,1970.1975554705837,7256.949013636449
84.229,4869.596765190394,122.8749952,2.9687520000000003,1,10208.7185248,2,0,6528.0,1953.0,7257.0
84.424,4875.8944444444405,118.0,5.0,0,9980.0,2,0,6586.1078830617535,1928.8542422621815,7258.03117388152
84.449,4876.7002315968475,117.6874976,8.4375264,0,10058.2818512,2,0,6593.0,1925.0,7258.0
84.584,4881.049999999996,116.0,27.0,0,10481.0,2,0,6627.946052513883,1901.0846693113172,7257.086160237772
84.609,4881.856978490262,116.0892864,27.9821504,0,10490.0179264,2,0,6634.0,1896.0,7257.0
84.669,4883.796118213159,116.30357211428571,30.339293257142856,0,10511.660783542857,2,0,6648.0,1883.0,7257.0
84.864,4890.149999999996,117.0,38.0,0,10582.0,2,0,6688.472818642705,1836.7240832307027,7257.020193239515
84.989,4894.296690222221,118.73611377777777,44.94445511111111,0,10679.222371555556,2,0,6712.0,1800.0,7257.0
85.224,4902.349999999996,122.0,58.0,0,10862.0,2,0,6752.4133806515465,1715.290023115006,7256.9994992953125
85.249,4903.237439535125,122.6833764470704,58.91116859609387,0,10870.599153625635,2,0,6756.0,1707.0,7257.0
85.569,4915.092375889896,131.43052779144926,70.57403705526566,0,10980.66747470907,2,0,6791.0,1615.0,7257.0
85.663,4918.690555555551,134.0,74.0,0,11013.0,2,0,6801.265469239862,1581.8666639824999,7256.999984517837
85.689,4919.692725616453,134.8357184,75.2071488,0,10994.42848,2,0,6804.0,1573.0,7257.0
85.943,4929.812777777774,143.0,87.0,0,10813.0,3,0,6827.43977220445,1498.8355435885692,7257.000010525493
85.949,4930.06628876517,143.375008,87.32500693333333,0,10827.000298666666,3,0,6828.0,1497.0,7257.0
86.183,4940.346111111107,158.0,100.0,0,11373.0,3,0,6852.57111898353,1411.00341836196,7256.99977082499
86.209,4941.479915373278,158.0,100.0,0,11504.7881488,3,0,6856.0,1398.0,7257.0
86.343,4947.368333333329,158.0,100.0,0,12184.0,3,0,6876.435828210294,1317.4833968841274,7257.002298781291
86.449,4952.426672381502,165.36112,100.0,0,11833.9051328,3,0,6891.0,1258.0,7257.0
86.703,4965.668333333329,183.0,100.0,0,10995.0,3,0,6909.941029941772,1172.2302766821772,7256.991828491145
86.729,4967.048711474956,184.4625072,100.0,0,10995.0,3,0,6912.0,1162.0,7257.0
86.863,4974.201666666662,192.0,100.0,0,10995.0,4,0,6924.901219038588,1096.6936141509595,7257.081288037462
86.989,4980.958251274784,193.5750016,100.0,0,11261.5690208,4,0,6938.0,1029.0,7257.0
87.183,4991.623888888885,196.0,100.0,0,11672.0,4,0,6956.0454816832835,932.4044485759413,7256.252479281249
87.269,4996.566392224464,202.4500096,100.0,0,11145.249216,4,0,6966.0,875.0,7256.0
87.343,5000.868333333329,208.0,100.0,0,10692.0,4,0,6976.359041215969,813.1791683313206,7255.917501930337
87.529,5011.68074466611,210.3250016,100.0,0,10988.437704,4,0,7004.0,644.0,7256.0
87.663,5019.712777777773,212.0,100.0,0,11202.0,5,0,7016.654621731035,565.9611463409304,7255.921251467811
87.863,5032.3238888888845,227.0,100.0,0,11248.0,5,0,7028.48970398002,492.22021782998155,7255.832428880539
87.929,5036.593948569872,228.8562536,100.0,0,11102.3872176,5,0,7034.0,458.0,7256.0
88.15,5051.1295867398085,235.0718768,100.0,0,10614.8061088,5,0,7059.0,306.0,7257.0
88.183,5053.301666666663,236.0,100.0,0,10542.0,6,0,7063.264693841839,281.56701447219393,7257.062060104167
88.383,5066.523888888884,238.0,100.0,0,10760.0,6,0,7091.308641724951,130.65993038297532,7256.666583684782
88.57,5079.297662421894,242.6750016,48.574982399999996,0,10710.9124832,6,0,7115.0,5.0,7256.0
88.623,5082.790555555552,244.0,34.0,0,10697.0,6,0,7120.5459885817145,-25.485026821464864,7255.86874709493
88.863,5097.523888888884,221.0,0.0,1,10134.0,6,0,7140.4740244393415,-144.6639167320669,7255.671337273938
88.97,5103.903635203365,215.6499968,0.0,1,10358.7001344,6,0,7150.0,-213.0,7256.0
89.063,5109.246111111107,211.0,0.0,1,10554.0,6,0,7159.310145629827,-285.29071709424096,7256.537703566693
89.15,5113.954253636865,200.19253433740496,0.0,1,10698.820039878774,6,0,7167.0,-349.0,7257.0
89.224,5117.788055555551,191.0,0.0,1,10822.0,5,0,7171.417653425688,-389.6607155623932,7257.181674573381
89.424,5127.5658333333295,176.0,0.0,1,11486.0,4,0,7176.443290240976,-459.98025070428844,7257.019028561019
89.45,5128.775946737862,174.5142784,0.0,1,11418.213952,4,0,7177.0,-470.0,7257.0
89.704,5140.010277777773,160.0,0.0,1,10756.0,3,0,7182.733857182749,-587.3039719731923,7256.993982966981
89.769,5142.799663990426,157.83332693333332,0.0,1,10576.707803733334,3,0,7184.0,-617.0,7257.0
89.829,5145.35227535682,155.83332693333332,0.0,1,10411.207803733334,3,0,7185.0,-643.0,7257.0
89.944,5150.143611111107,152.0,0.0,1,10094.0,3,0,7185.793182083549,-687.585160388106,7256.999445787758
90.104,5156.588055555551,145.0,0.0,1,9847.0,3,0,7181.663262938855,-749.3247256542423,7256.999948386734
90.129,5157.588475287006,144.8214272,0.0,1,9795.9281792,3,0,7180.0,-761.0,7257.0
90.384,5167.710277777774,143.0,0.0,1,9275.0,3,0,7150.884652823008,-897.5059317981083,7257.000023375745
90.409,5168.681172890233,142.3749952,1.3541770666666668,1,9291.8751296,3,0,7148.0,-908.0,7257.0
90.624,5176.843611111107,137.0,13.0,0,9437.0,3,0,7127.225738761419,-959.9944386781765,7256.999702327686
90.809,5183.624941690965,133.69642514285715,25.553584457142858,0,9549.321545142857,3,0,7099.0,-995.0,7257.0
90.849,5185.087506407606,132.98213942857143,28.267870171428573,0,9573.60725942857,3,0,7090.0,-1006.0,7257.0
90.904,5187.110277777773,132.0,32.0,0,9607.0,3,0,7076.854568665461,-1020.933383180065,7256.99767965909
91.049,5192.5082795041235,133.55357348571428,41.321440914285716,0,9765.982353371428,3,0,7039.0,-1057.0,7257.0
91.184,5197.610277777773,135.0,50.0,0,9914.0,3,0,7000.531520983817,-1084.5972094825995,7257.062994236904
91.289,5201.623935664908,136.7500032,53.0625056,0,10010.250176,3,0,6963.0,-1103.0,7257.0
91.424,5206.876944444441,139.0,57.0,0,10134.0,3,0,6899.221527968826,-1123.7837715069318,7256.613426845792
91.609,5214.322132819266,143.6250048,67.17501056,0,10602.97548672,3,0,6811.0,-1145.0,7256.0
91.824,5223.432499999995,149.0,79.0,0,11148.0,3,0,6751.269502035974,-1157.2384284317138,7255.982017330357
91.869,5225.416927105372,151.00000853333333,81.6250112,0,11238.125384533334,3,0,6737.0,-1160.0,7256.0
92.184,5239.932499999995,165.0,100.0,0,11869.0,3,0,6592.854958367342,-1188.172244510223,7256.004313013227
92.249,5243.008763507297,167.17573806172706,100.0,0,11412.09500703732,3,0,6562.0,-1194.0,7256.0
92.423,5251.417777777773,173.0,100.0,0,10189.0,3,0,6485.041846300672,-1207.9443012341662,7255.998619893502
92.529,5256.742678087605,177.54286262857144,100.0,0,10450.593173028572,3,0,6439.0,-1216.0,7256.0
92.703,5265.806666666662,185.0,100.0,0,10880.0,4,0,6359.675202458417,-1229.5888014874868,7256.000179314386
92.789,5270.420653026032,188.37857645714286,100.0,0,11060.293125485714,4,0,6309.0,-1238.0,7256.0
92.983,5281.051111111106,196.0,100.0,0,11467.0,4,0,6158.36668429852,-1262.445467284714,7255.999975672037
93.049,5284.685950512383,197.2375024,100.0,0,11062.749216,4,0,6112.0,-1270.0,7256.0
93.143,5289.89555555555,199.0,100.0,0,10487.0,4,0,6058.385577638935,-1278.8510922425828,7256.000019643622
93.383,5303.428888888883,203.0,100.0,0,10081.0,5,0,5970.043874167785,-1293.933113863805,7256.000005917398
93.489,5309.359314985468,203.0,100.0,0,10513.833856,5,0,5921.0,-1302.0,7256.0
93.623,5316.962222222217,203.0,100.0,0,11061.0,5,0,5843.222667501808,-1314.5232437042316,7255.999999700851
93.669,5319.656772687605,205.3000064,100.0,0,11058.0291584,5,0,5816.0,-1319.0,7256.0
93.789,5326.891573973772,211.3000064,100.0,0,11050.2791584,5,0,5745.0,-1331.0,7256.0
94.077,5345.467643445094,225.7000064,100.0,0,11031.6791584,5,0,5490.439752685847,-1372.8246369395695,7255.999999987018
